Date,Open,High,Low,Close,Adj Close,Volume,Symbol,Sector,Industry,Market,QuoteType,Dividend Yield,Debt-to-Equity Ratio,Current Ratio,Earning per Share,Variability Index
2023-08-31,190.0,196.35000610351562,162.3000030517578,163.25,162.99180603027344,36098037,AEROFLEX,Industrials,Metal Fabrication,N/A,EQUITY,0.0016,0.041,3.456,3.39,0.2097966876864395
2023-09-01,164.89999389648438,171.4499969482422,158.5,165.0,164.73904418945312,9720028,AEROFLEX,Industrials,Metal Fabrication,N/A,EQUITY,0.0016,0.041,3.456,3.39,0.08170345077755323
2023-09-04,165.0,167.25,160.35000610351562,161.1999969482422,160.94505310058594,3010366,AEROFLEX,Industrials,Metal Fabrication,N/A,EQUITY,0.0016,0.041,3.456,3.39,0.043030830270315124
2023-09-05,160.5,162.5,153.5,154.14999389648438,153.9062042236328,3460816,AEROFLEX,Industrials,Metal Fabrication,N/A,EQUITY,0.0016,0.041,3.456,3.39,0.05863192182410423
2023-09-06,155.0,162.5,154.1999969482422,159.10000610351562,158.848388671875,2759974,AEROFLEX,Industrials,Metal Fabrication,N/A,EQUITY,0.0016,0.041,3.456,3.39,0.053826220596773035
2023-09-07,160.5,161.4499969482422,156.25,156.6999969482422,156.45216369628906,1515649,AEROFLEX,Industrials,Metal Fabrication,N/A,EQUITY,0.0016,0.041,3.456,3.39,0.03327998046875
2023-09-08,158.4499969482422,159.0,155.39999389648438,156.60000610351562,156.3523406982422,1008534,AEROFLEX,Industrials,Metal Fabrication,N/A,EQUITY,0.0016,0.041,3.456,3.39,0.023166063352059552
2023-09-11,158.5,158.89999389648438,154.5,154.9499969482422,154.70494079589844,1107364,AEROFLEX,Industrials,Metal Fabrication,N/A,EQUITY,0.0016,0.041,3.456,3.39,0.028478924896338995
2023-09-12,156.0,157.39999389648438,147.1999969482422,148.64999389648438,148.41490173339844,1383190,AEROFLEX,Industrials,Metal Fabrication,N/A,EQUITY,0.0016,0.041,3.456,3.39,0.0692934589654147
2023-09-13,149.3000030517578,158.60000610351562,145.4499969482422,155.75,155.50367736816406,2802134,AEROFLEX,Industrials,Metal Fabrication,N/A,EQUITY,0.0016,0.041,3.456,3.39,0.09040914012499304
2023-09-14,157.9499969482422,159.8000030517578,156.5500030517578,157.89999389648438,157.6502685546875,1490449,AEROFLEX,Industrials,Metal Fabrication,N/A,EQUITY,0.0016,0.041,3.456,3.39,0.02076014012548758
2023-09-15,159.8000030517578,159.8000030517578,155.5,156.4499969482422,156.2025604248047,925930,AEROFLEX,Industrials,Metal Fabrication,N/A,EQUITY,0.0016,0.041,3.456,3.39,0.02765275274442323
2023-09-18,156.89999389648438,157.5,153.0,153.5500030517578,153.30715942382812,417796,AEROFLEX,Industrials,Metal Fabrication,N/A,EQUITY,0.0016,0.041,3.456,3.39,0.029411764705882353
2023-09-20,152.10000610351562,157.35000610351562,151.5,154.14999389648438,153.9062042236328,834708,AEROFLEX,Industrials,Metal Fabrication,N/A,EQUITY,0.0016,0.041,3.456,3.39,0.03861390167337046
2023-09-21,153.9499969482422,156.4499969482422,150.5,151.5500030517578,151.31031799316406,610128,AEROFLEX,Industrials,Metal Fabrication,N/A,EQUITY,0.0016,0.041,3.456,3.39,0.03953486344346968
2023-09-22,151.6999969482422,154.25,151.0,151.8000030517578,151.55992126464844,730176,AEROFLEX,Industrials,Metal Fabrication,N/A,EQUITY,0.0016,0.041,3.456,3.39,0.02152317880794702
2023-09-25,152.25,152.8000030517578,146.5,149.0500030517578,148.81427001953125,514346,AEROFLEX,Industrials,Metal Fabrication,N/A,EQUITY,0.0016,0.041,3.456,3.39,0.043003433800394626
2023-09-26,149.10000610351562,151.39999389648438,148.25,149.1999969482422,148.9640350341797,337286,AEROFLEX,Industrials,Metal Fabrication,N/A,EQUITY,0.0016,0.041,3.456,3.39,0.021247850903773187
2023-09-27,149.0,150.0,147.0,148.35000610351562,148.11538696289062,266907,AEROFLEX,Industrials,Metal Fabrication,N/A,EQUITY,0.0016,0.041,3.456,3.39,0.02040816326530612
2023-09-28,148.60000610351562,156.6999969482422,148.5500030517578,150.85000610351562,150.61143493652344,1206610,AEROFLEX,Industrials,Metal Fabrication,N/A,EQUITY,0.0016,0.041,3.456,3.39,0.05486364004748457
2023-09-29,151.4499969482422,154.0,150.64999389648438,152.75,152.5084228515625,547688,AEROFLEX,Industrials,Metal Fabrication,N/A,EQUITY,0.0016,0.041,3.456,3.39,0.022237014531958782
2023-10-03,152.60000610351562,153.3000030517578,150.3000030517578,151.5,151.26039123535156,408303,AEROFLEX,Industrials,Metal Fabrication,N/A,EQUITY,0.0016,0.041,3.456,3.39,0.01996007943504106
2023-10-04,151.14999389648438,152.39999389648438,148.0,148.60000610351562,148.364990234375,507025,AEROFLEX,Industrials,Metal Fabrication,N/A,EQUITY,0.0016,0.041,3.456,3.39,0.02972968848975929
2023-10-05,149.60000610351562,151.10000610351562,146.5,146.9499969482422,146.71759033203125,530731,AEROFLEX,Industrials,Metal Fabrication,N/A,EQUITY,0.0016,0.041,3.456,3.39,0.031399359068366044
2023-10-06,148.39999389648438,148.9499969482422,146.1999969482422,146.64999389648438,146.41806030273438,450908,AEROFLEX,Industrials,Metal Fabrication,N/A,EQUITY,0.0016,0.041,3.456,3.39,0.018809849913837936
2023-10-09,143.0,144.9499969482422,142.39999389648438,142.64999389648438,142.4243927001953,427070,AEROFLEX,Industrials,Metal Fabrication,N/A,EQUITY,0.0016,0.041,3.456,3.39,0.01790732556920965
2023-10-10,144.85000610351562,147.3000030517578,143.14999389648438,144.0,143.7722625732422,562526,AEROFLEX,Industrials,Metal Fabrication,N/A,EQUITY,0.0016,0.041,3.456,3.39,0.028990634524751858
2023-10-11,145.39999389648438,149.5,145.25,147.0500030517578,146.8174285888672,874168,AEROFLEX,Industrials,Metal Fabrication,N/A,EQUITY,0.0016,0.041,3.456,3.39,0.029259896729776247
2023-10-12,147.89999389648438,160.4499969482422,147.39999389648438,158.10000610351562,157.84996032714844,3641213,AEROFLEX,Industrials,Metal Fabrication,N/A,EQUITY,0.0016,0.041,3.456,3.39,0.08853462409857717
2023-10-13,158.0,162.4499969482422,156.10000610351562,157.0,156.75169372558594,2009389,AEROFLEX,Industrials,Metal Fabrication,N/A,EQUITY,0.0016,0.041,3.456,3.39,0.04067899164921013
2023-10-16,157.5,158.0,151.89999389648438,152.3000030517578,152.0591278076172,924543,AEROFLEX,Industrials,Metal Fabrication,N/A,EQUITY,0.0016,0.041,3.456,3.39,0.040158040478083294
2023-10-17,153.6999969482422,157.39999389648438,153.25,154.6999969482422,154.45533752441406,537721,AEROFLEX,Industrials,Metal Fabrication,N/A,EQUITY,0.0016,0.041,3.456,3.39,0.027079894919963297
2023-10-18,155.5,165.39999389648438,155.0500030517578,161.85000610351562,161.59402465820312,4641983,AEROFLEX,Industrials,Metal Fabrication,N/A,EQUITY,0.0016,0.041,3.456,3.39,0.06675260007103381
2023-10-19,160.75,171.5,160.14999389648438,170.9499969482422,170.67962646484375,6903576,AEROFLEX,Industrials,Metal Fabrication,N/A,EQUITY,0.0016,0.041,3.456,3.39,0.07087109919499524
2023-10-20,171.85000610351562,173.8000030517578,163.5500030517578,165.0500030517578,164.78897094726562,2254181,AEROFLEX,Industrials,Metal Fabrication,N/A,EQUITY,0.0016,0.041,3.456,3.39,0.0626719645902803
2023-10-23,165.10000610351562,165.60000610351562,152.89999389648438,153.64999389648438,153.406982421875,2120790,AEROFLEX,Industrials,Metal Fabrication,N/A,EQUITY,0.0016,0.041,3.456,3.39,0.08306090722037145
2023-10-25,155.6999969482422,158.35000610351562,148.25,150.75,150.51158142089844,887683,AEROFLEX,Industrials,Metal Fabrication,N/A,EQUITY,0.0016,0.041,3.456,3.39,0.06812820305912731
2023-10-26,149.0,152.4499969482422,145.5500030517578,150.60000610351562,150.36183166503906,962754,AEROFLEX,Industrials,Metal Fabrication,N/A,EQUITY,0.0016,0.041,3.456,3.39,0.047406346628730237
2023-10-27,152.0,155.9499969482422,151.35000610351562,152.25,152.00921630859375,690947,AEROFLEX,Industrials,Metal Fabrication,N/A,EQUITY,0.0016,0.041,3.456,3.39,0.03039306679367033
2023-10-30,152.75,154.64999389648438,150.5500030517578,152.5,152.25881958007812,422854,AEROFLEX,Industrials,Metal Fabrication,N/A,EQUITY,0.0016,0.041,3.456,3.39,0.027233415885863654
2023-10-31,153.3000030517578,164.39999389648438,153.14999389648438,160.85000610351562,160.59561157226562,2669545,AEROFLEX,Industrials,Metal Fabrication,N/A,EQUITY,0.0016,0.041,3.456,3.39,0.073457397638579
2023-11-01,162.0,167.6999969482422,160.0,160.9499969482422,160.69544982910156,1931300,AEROFLEX,Industrials,Metal Fabrication,N/A,EQUITY,0.0016,0.041,3.456,3.39,0.04812498092651367
2023-11-02,163.0500030517578,165.39999389648438,160.5,161.6999969482422,161.4442596435547,757572,AEROFLEX,Industrials,Metal Fabrication,N/A,EQUITY,0.0016,0.041,3.456,3.39,0.03052955698744159
2023-11-03,163.75,166.5,162.0500030517578,163.35000610351562,163.09165954589844,985509,AEROFLEX,Industrials,Metal Fabrication,N/A,EQUITY,0.0016,0.041,3.456,3.39,0.02746064094069091
2023-11-06,165.0,172.6999969482422,162.1999969482422,163.10000610351562,162.84205627441406,2646496,AEROFLEX,Industrials,Metal Fabrication,N/A,EQUITY,0.0016,0.041,3.456,3.39,0.0647348964090951
2023-11-07,164.0,165.4499969482422,162.3000030517578,162.85000610351562,162.5924530029297,661693,AEROFLEX,Industrials,Metal Fabrication,N/A,EQUITY,0.0016,0.041,3.456,3.39,0.019408464801321263
2023-11-08,163.85000610351562,165.4499969482422,159.1999969482422,159.85000610351562,159.59719848632812,621479,AEROFLEX,Industrials,Metal Fabrication,N/A,EQUITY,0.0016,0.041,3.456,3.39,0.039258794722414156
2023-11-09,160.0,162.4499969482422,158.0500030517578,159.60000610351562,159.34759521484375,644826,AEROFLEX,Industrials,Metal Fabrication,N/A,EQUITY,0.0016,0.041,3.456,3.39,0.027839252208324703
2023-11-10,159.1999969482422,160.0500030517578,155.5,156.8000030517578,156.55201721191406,626021,AEROFLEX,Industrials,Metal Fabrication,N/A,EQUITY,0.0016,0.041,3.456,3.39,0.029260469786223875
2023-11-13,160.0,163.8000030517578,158.3000030517578,162.14999389648438,161.89353942871094,659958,AEROFLEX,Industrials,Metal Fabrication,N/A,EQUITY,0.0016,0.041,3.456,3.39,0.03474415599475206
2023-11-15,163.8000030517578,164.39999389648438,160.4499969482422,161.0,160.74537658691406,490161,AEROFLEX,Industrials,Metal Fabrication,N/A,EQUITY,0.0016,0.041,3.456,3.39,0.02461824258878842
2023-11-16,161.3000030517578,163.1999969482422,159.5,160.1999969482422,159.94664001464844,428058,AEROFLEX,Industrials,Metal Fabrication,N/A,EQUITY,0.0016,0.041,3.456,3.39,0.02319747302973158
2023-11-17,160.25,161.9499969482422,157.25,157.85000610351562,157.60035705566406,479928,AEROFLEX,Industrials,Metal Fabrication,N/A,EQUITY,0.0016,0.041,3.456,3.39,0.029888692834608505
2023-11-20,158.4499969482422,159.5,156.35000610351562,156.89999389648438,156.65185546875,405303,AEROFLEX,Industrials,Metal Fabrication,N/A,EQUITY,0.0016,0.041,3.456,3.39,0.020147066028247156
2023-11-21,157.9499969482422,161.39999389648438,156.89999389648438,157.85000610351562,157.60035705566406,643869,AEROFLEX,Industrials,Metal Fabrication,N/A,EQUITY,0.0016,0.041,3.456,3.39,0.028680689452218203
2023-11-22,158.39999389648438,159.39999389648438,155.9499969482422,156.85000610351562,156.60194396972656,317844,AEROFLEX,Industrials,Metal Fabrication,N/A,EQUITY,0.0016,0.041,3.456,3.39,0.02212245601638067
2023-11-23,157.25,159.25,155.89999389648438,156.39999389648438,156.1526336669922,278062,AEROFLEX,Industrials,Metal Fabrication,N/A,EQUITY,0.0016,0.041,3.456,3.39,0.02148817341032089
2023-11-24,156.39999389648438,164.4499969482422,156.39999389648438,162.4499969482422,162.1930694580078,1831074,AEROFLEX,Industrials,Metal Fabrication,N/A,EQUITY,0.0016,0.041,3.456,3.39,0.0514706097564545
2023-11-28,163.85000610351562,165.5,159.1999969482422,159.64999389648438,159.3975067138672,1101215,AEROFLEX,Industrials,Metal Fabrication,N/A,EQUITY,0.0016,0.041,3.456,3.39,0.03957288424952683
2023-11-29,160.39999389648438,164.0,158.60000610351562,158.9499969482422,158.6986083984375,508518,AEROFLEX,Industrials,Metal Fabrication,N/A,EQUITY,0.0016,0.041,3.456,3.39,0.03404787949982731
2023-11-30,159.6999969482422,159.6999969482422,156.60000610351562,158.0500030517578,157.80003356933594,538010,AEROFLEX,Industrials,Metal Fabrication,N/A,EQUITY,0.0016,0.041,3.456,3.39,0.019795598492361545
2023-12-01,159.0,159.89999389648438,156.8000030517578,157.35000610351562,157.1011505126953,456455,AEROFLEX,Industrials,Metal Fabrication,N/A,EQUITY,0.0016,0.041,3.456,3.39,0.01977034939025666
2023-12-04,159.89999389648438,160.25,157.14999389648438,158.0500030517578,157.80003356933594,450823,AEROFLEX,Industrials,Metal Fabrication,N/A,EQUITY,0.0016,0.041,3.456,3.39,0.01972641567875349
2023-12-05,158.6999969482422,159.0,155.0500030517578,155.9499969482422,155.70335388183594,553688,AEROFLEX,Industrials,Metal Fabrication,N/A,EQUITY,0.0016,0.041,3.456,3.39,0.025475632831323612
2023-12-06,156.89999389648438,157.9499969482422,154.8000030517578,155.39999389648438,155.1542205810547,487641,AEROFLEX,Industrials,Metal Fabrication,N/A,EQUITY,0.0016,0.041,3.456,3.39,0.0203487973797466
2023-12-07,155.0500030517578,157.5500030517578,154.39999389648438,155.8000030517578,155.55360412597656,446511,AEROFLEX,Industrials,Metal Fabrication,N/A,EQUITY,0.0016,0.041,3.456,3.39,0.020401614506444368
2023-12-08,156.39999389648438,157.39999389648438,154.35000610351562,154.8000030517578,154.55517578125,363858,AEROFLEX,Industrials,Metal Fabrication,N/A,EQUITY,0.0016,0.041,3.456,3.39,0.019760205198328662
2023-12-11,155.64999389648438,156.39999389648438,153.60000610351562,153.89999389648438,153.65660095214844,466843,AEROFLEX,Industrials,Metal Fabrication,N/A,EQUITY,0.0016,0.041,3.456,3.39,0.01822908646944815
2023-12-12,153.60000610351562,155.0,151.0,151.64999389648438,151.41015625,633778,AEROFLEX,Industrials,Metal Fabrication,N/A,EQUITY,0.0016,0.041,3.456,3.39,0.026490066225165563
2023-12-13,152.10000610351562,153.85000610351562,151.3000030517578,152.14999389648438,151.90936279296875,349730,AEROFLEX,Industrials,Metal Fabrication,N/A,EQUITY,0.0016,0.041,3.456,3.39,0.01685395241456465
2023-12-14,153.0,155.89999389648438,151.60000610351562,151.8000030517578,151.55992126464844,702360,AEROFLEX,Industrials,Metal Fabrication,N/A,EQUITY,0.0016,0.041,3.456,3.39,0.028364034431717828
2023-12-15,152.39999389648438,153.4499969482422,150.3000030517578,150.85000610351562,150.61143493652344,487094,AEROFLEX,Industrials,Metal Fabrication,N/A,EQUITY,0.0016,0.041,3.456,3.39,0.020958042797907545
2023-12-18,150.0500030517578,152.4499969482422,150.0500030517578,150.85000610351562,150.61143493652344,510284,AEROFLEX,Industrials,Metal Fabrication,N/A,EQUITY,0.0016,0.041,3.456,3.39,0.015994627442003636
2023-12-19,151.5,152.39999389648438,150.1999969482422,150.4499969482422,150.21205139160156,413117,AEROFLEX,Industrials,Metal Fabrication,N/A,EQUITY,0.0016,0.041,3.456,3.39,0.014647117130104139
2023-12-20,151.39999389648438,151.5,142.1999969482422,143.35000610351562,143.123291015625,1105524,AEROFLEX,Industrials,Metal Fabrication,N/A,EQUITY,0.0016,0.041,3.456,3.39,0.06540086674645161
2023-12-21,142.0,147.1999969482422,140.89999389648438,145.5,145.26988220214844,868271,AEROFLEX,Industrials,Metal Fabrication,N/A,EQUITY,0.0016,0.041,3.456,3.39,0.04471258569667692
2023-12-22,146.5,150.9499969482422,146.3000030517578,148.8000030517578,148.56466674804688,644618,AEROFLEX,Industrials,Metal Fabrication,N/A,EQUITY,0.0016,0.041,3.456,3.39,0.0317839630860384
2023-12-26,149.3000030517578,150.25,146.8000030517578,147.6999969482422,147.46640014648438,337734,AEROFLEX,Industrials,Metal Fabrication,N/A,EQUITY,0.0016,0.041,3.456,3.39,0.023501341120720613
2023-12-27,148.5500030517578,149.60000610351562,147.35000610351562,147.85000610351562,147.61618041992188,398969,AEROFLEX,Industrials,Metal Fabrication,N/A,EQUITY,0.0016,0.041,3.456,3.39,0.015269765231087543
2023-12-28,148.35000610351562,158.8000030517578,147.89999389648438,157.0,156.75169372558594,2724129,AEROFLEX,Industrials,Metal Fabrication,N/A,EQUITY,0.0016,0.041,3.456,3.39,0.07369850983836
2023-12-29,157.89999389648438,157.89999389648438,154.0500030517578,155.0,154.75485229492188,802111,AEROFLEX,Industrials,Metal Fabrication,N/A,EQUITY,0.0016,0.041,3.456,3.39,0.024991825825755033
2024-01-01,155.3000030517578,159.6999969482422,154.9499969482422,156.75,156.50209045410156,969404,AEROFLEX,Industrials,Metal Fabrication,N/A,EQUITY,0.0016,0.041,3.456,3.39,0.030655050619888935
2024-01-02,157.35000610351562,158.4499969482422,154.89999389648438,156.1999969482422,155.9529571533203,717026,AEROFLEX,Industrials,Metal Fabrication,N/A,EQUITY,0.0016,0.041,3.456,3.39,0.022918032224908846
2024-01-03,155.75,158.89999389648438,154.85000610351562,156.8000030517578,156.55201721191406,539476,AEROFLEX,Industrials,Metal Fabrication,N/A,EQUITY,0.0016,0.041,3.456,3.39,0.026154263050279604
2024-01-04,156.35000610351562,158.1999969482422,156.25,156.9499969482422,156.70176696777344,476064,AEROFLEX,Industrials,Metal Fabrication,N/A,EQUITY,0.0016,0.041,3.456,3.39,0.01247998046875
2024-01-05,158.0500030517578,162.85000610351562,157.0,158.75,158.49893188476562,1669373,AEROFLEX,Industrials,Metal Fabrication,N/A,EQUITY,0.0016,0.041,3.456,3.39,0.03726118537271099
2024-01-08,159.25,159.64999389648438,156.85000610351562,157.60000610351562,157.3507537841797,528689,AEROFLEX,Industrials,Metal Fabrication,N/A,EQUITY,0.0016,0.041,3.456,3.39,0.01785137190954812
2024-01-09,158.89999389648438,159.0,156.64999389648438,157.9499969482422,157.7001953125,541782,AEROFLEX,Industrials,Metal Fabrication,N/A,EQUITY,0.0016,0.041,3.456,3.39,0.015001635461719384
2024-01-10,157.9499969482422,158.5,156.3000030517578,157.8000030517578,157.55043029785156,610196,AEROFLEX,Industrials,Metal Fabrication,N/A,EQUITY,0.0016,0.041,3.456,3.39,0.014075476041505077
2024-01-11,158.39999389648438,176.64999389648438,157.4499969482422,173.8000030517578,173.52513122558594,9184167,AEROFLEX,Industrials,Metal Fabrication,N/A,EQUITY,0.0016,0.041,3.456,3.39,0.12194345709993068
2024-01-12,176.0,179.89999389648438,169.3000030517578,170.1999969482422,169.93081665039062,2822818,AEROFLEX,Industrials,Metal Fabrication,N/A,EQUITY,0.0016,0.041,3.456,3.39,0.06261069494184221
2024-01-15,170.1999969482422,170.1999969482422,170.1999969482422,170.1999969482422,169.93081665039062,0,AEROFLEX,Industrials,Metal Fabrication,N/A,EQUITY,0.0016,0.041,3.456,3.39,0.0
2024-01-16,166.6999969482422,170.8000030517578,161.0,162.5,162.2429962158203,1036297,AEROFLEX,Industrials,Metal Fabrication,N/A,EQUITY,0.0016,0.041,3.456,3.39,0.06086958417240877
2024-01-17,161.39999389648438,165.39999389648438,159.60000610351562,160.9499969482422,160.69544982910156,701320,AEROFLEX,Industrials,Metal Fabrication,N/A,EQUITY,0.0016,0.041,3.456,3.39,0.03634077425540267
2024-01-18,161.0,163.0500030517578,156.0500030517578,159.35000610351562,159.09799194335938,762065,AEROFLEX,Industrials,Metal Fabrication,N/A,EQUITY,0.0016,0.041,3.456,3.39,0.04485741661714853
2024-01-19,161.0,163.0500030517578,158.60000610351562,159.25,158.99813842773438,539385,AEROFLEX,Industrials,Metal Fabrication,N/A,EQUITY,0.0016,0.041,3.456,3.39,0.028057987244576442
2024-01-23,166.0,166.35000610351562,155.8000030517578,156.5,156.2524871826172,904126,AEROFLEX,Industrials,Metal Fabrication,N/A,EQUITY,0.0016,0.041,3.456,3.39,0.06771503751673888
2024-01-24,157.6999969482422,162.5500030517578,155.5,161.6999969482422,161.4442596435547,967396,AEROFLEX,Industrials,Metal Fabrication,N/A,EQUITY,0.0016,0.041,3.456,3.39,0.045337640204230305
2024-01-25,162.64999389648438,164.5,160.10000610351562,163.89999389648438,163.64077758789062,819691,AEROFLEX,Industrials,Metal Fabrication,N/A,EQUITY,0.0016,0.041,3.456,3.39,0.027482784064601955
2024-01-29,165.0,165.0,153.5500030517578,154.3000030517578,154.05596923828125,2181785,AEROFLEX,Industrials,Metal Fabrication,N/A,EQUITY,0.0016,0.041,3.456,3.39,0.0745685230913521
2024-01-30,155.89999389648438,156.39999389648438,152.9499969482422,153.35000610351562,153.10748291015625,579536,AEROFLEX,Industrials,Metal Fabrication,N/A,EQUITY,0.0016,0.041,3.456,3.39,0.022556371474853027
2024-01-31,155.0,155.60000610351562,153.64999389648438,153.89999389648438,153.65660095214844,562671,AEROFLEX,Industrials,Metal Fabrication,N/A,EQUITY,0.0016,0.041,3.456,3.39,0.01269126120724088
2024-02-01,154.35000610351562,158.9499969482422,152.5500030517578,158.10000610351562,157.84996032714844,898264,AEROFLEX,Industrials,Metal Fabrication,N/A,EQUITY,0.0016,0.041,3.456,3.39,0.0419534170334494
2024-02-02,159.6999969482422,159.6999969482422,153.85000610351562,154.39999389648438,154.1558074951172,653437,AEROFLEX,Industrials,Metal Fabrication,N/A,EQUITY,0.0016,0.041,3.456,3.39,0.038023988382493046
2024-02-05,156.85000610351562,157.3000030517578,152.0,152.39999389648438,152.15896606445312,619572,AEROFLEX,Industrials,Metal Fabrication,N/A,EQUITY,0.0016,0.041,3.456,3.39,0.034868441129985606
2024-02-06,153.25,155.3000030517578,152.60000610351562,154.60000610351562,154.35549926757812,319883,AEROFLEX,Industrials,Metal Fabrication,N/A,EQUITY,0.0016,0.041,3.456,3.39,0.017693295152364903
2024-02-07,155.89999389648438,156.9499969482422,153.89999389648438,155.5500030517578,155.30398559570312,516904,AEROFLEX,Industrials,Metal Fabrication,N/A,EQUITY,0.0016,0.041,3.456,3.39,0.01981808429316309
2024-02-08,155.89999389648438,156.0,152.85000610351562,153.3000030517578,153.05755615234375,300821,AEROFLEX,Industrials,Metal Fabrication,N/A,EQUITY,0.0016,0.041,3.456,3.39,0.020608398892382664
2024-02-09,154.0,154.0,150.14999389648438,151.0,150.7611846923828,371159,AEROFLEX,Industrials,Metal Fabrication,N/A,EQUITY,0.0016,0.041,3.456,3.39,0.02564106733277576
2024-02-12,151.3000030517578,152.4499969482422,145.0,145.60000610351562,145.36973571777344,532491,AEROFLEX,Industrials,Metal Fabrication,N/A,EQUITY,0.0016,0.041,3.456,3.39,0.05137928929822198
2024-02-13,146.0,147.0,142.25,143.4499969482422,143.22312927246094,448757,AEROFLEX,Industrials,Metal Fabrication,N/A,EQUITY,0.0016,0.041,3.456,3.39,0.033391915641476276
2024-02-14,142.8000030517578,150.5500030517578,141.89999389648438,149.3000030517578,149.06387329101562,471180,AEROFLEX,Industrials,Metal Fabrication,N/A,EQUITY,0.0016,0.041,3.456,3.39,0.060958488564725334
2024-02-15,150.5500030517578,154.39999389648438,150.0,151.6999969482422,151.4600830078125,348491,AEROFLEX,Industrials,Metal Fabrication,N/A,EQUITY,0.0016,0.041,3.456,3.39,0.029333292643229168
2024-02-16,152.85000610351562,154.60000610351562,151.35000610351562,152.8000030517578,152.558349609375,275554,AEROFLEX,Industrials,Metal Fabrication,N/A,EQUITY,0.0016,0.041,3.456,3.39,0.021473405146592243
2024-02-19,152.75,153.89999389648438,150.0,150.1999969482422,149.9624481201172,352023,AEROFLEX,Industrials,Metal Fabrication,N/A,EQUITY,0.0016,0.041,3.456,3.39,0.025999959309895834
2024-02-20,150.1999969482422,153.0500030517578,150.0,151.10000610351562,150.8610382080078,286261,AEROFLEX,Industrials,Metal Fabrication,N/A,EQUITY,0.0016,0.041,3.456,3.39,0.020333353678385416
2024-02-21,151.8000030517578,152.1999969482422,147.1999969482422,148.10000610351562,147.86578369140625,298806,AEROFLEX,Industrials,Metal Fabrication,N/A,EQUITY,0.0016,0.041,3.456,3.39,0.033967392008561505
2024-02-22,148.39999389648438,150.1999969482422,146.8000030517578,148.0,147.76593017578125,224014,AEROFLEX,Industrials,Metal Fabrication,N/A,EQUITY,0.0016,0.041,3.456,3.39,0.023160720884219783
2024-02-23,149.0,153.89999389648438,148.0,150.4499969482422,150.21205139160156,795071,AEROFLEX,Industrials,Metal Fabrication,N/A,EQUITY,0.0016,0.041,3.456,3.39,0.03986482362489443
2024-02-26,150.4499969482422,151.0500030517578,146.0,146.5,146.268310546875,441053,AEROFLEX,Industrials,Metal Fabrication,N/A,EQUITY,0.0016,0.041,3.456,3.39,0.034589061998341185
2024-02-27,147.35000610351562,147.9499969482422,145.89999389648438,146.14999389648438,145.91885375976562,216006,AEROFLEX,Industrials,Metal Fabrication,N/A,EQUITY,0.0016,0.041,3.456,3.39,0.014050741175577319
2024-02-28,148.0,148.39999389648438,143.25,146.10000610351562,145.8689422607422,341526,AEROFLEX,Industrials,Metal Fabrication,N/A,EQUITY,0.0016,0.041,3.456,3.39,0.03595109177301484
2024-02-29,146.0,146.89999389648438,143.5,144.39999389648438,144.17161560058594,286397,AEROFLEX,Industrials,Metal Fabrication,N/A,EQUITY,0.0016,0.041,3.456,3.39,0.023693337257730835
2024-03-01,145.39999389648438,146.85000610351562,143.4499969482422,144.39999389648438,144.17161560058594,400372,AEROFLEX,Industrials,Metal Fabrication,N/A,EQUITY,0.0016,0.041,3.456,3.39,0.023701702527746903
2024-03-04,146.4499969482422,146.64999389648438,143.0500030517578,143.6999969482422,143.4727325439453,223675,AEROFLEX,Industrials,Metal Fabrication,N/A,EQUITY,0.0016,0.041,3.456,3.39,0.025165961327690622
2024-03-05,144.64999389648438,144.64999389648438,141.8000030517578,142.1999969482422,141.97509765625,285655,AEROFLEX,Industrials,Metal Fabrication,N/A,EQUITY,0.0016,0.041,3.456,3.39,0.0200986656092405
2024-03-06,142.8000030517578,142.8000030517578,136.0,137.39999389648438,137.1826934814453,697098,AEROFLEX,Industrials,Metal Fabrication,N/A,EQUITY,0.0016,0.041,3.456,3.39,0.05000002243939568
2024-03-07,138.75,140.60000610351562,136.5500030517578,137.4499969482422,137.2326202392578,307749,AEROFLEX,Industrials,Metal Fabrication,N/A,EQUITY,0.0016,0.041,3.456,3.39,0.02965948708344373
2024-03-11,138.0,139.0,133.0,133.35000610351562,133.13909912109375,531916,AEROFLEX,Industrials,Metal Fabrication,N/A,EQUITY,0.0016,0.041,3.456,3.39,0.045112781954887216
2024-03-12,135.4499969482422,135.4499969482422,125.0,125.75,125.55111694335938,814933,AEROFLEX,Industrials,Metal Fabrication,N/A,EQUITY,0.0016,0.041,3.456,3.39,0.0835999755859375
2024-03-13,126.4000015258789,127.75,115.0,116.55000305175781,116.36567687988281,1298424,AEROFLEX,Industrials,Metal Fabrication,N/A,EQUITY,0.0016,0.041,3.456,3.39,0.1108695652173913
2024-03-14,116.55000305175781,124.0,115.5999984741211,122.44999694824219,122.25633239746094,785808,AEROFLEX,Industrials,Metal Fabrication,N/A,EQUITY,0.0016,0.041,3.456,3.39,0.07266437402038012
2024-03-15,121.0,127.0,120.5,125.30000305175781,125.10183715820312,702983,AEROFLEX,Industrials,Metal Fabrication,N/A,EQUITY,0.0016,0.041,3.456,3.39,0.05394190871369295
2024-03-18,123.5,129.39999389648438,123.5,128.25,128.0471649169922,664394,AEROFLEX,Industrials,Metal Fabrication,N/A,EQUITY,0.0016,0.041,3.456,3.39,0.04777322993104757
2024-03-19,128.0,130.60000610351562,125.55000305175781,126.5999984741211,126.39977264404297,406016,AEROFLEX,Industrials,Metal Fabrication,N/A,EQUITY,0.0016,0.041,3.456,3.39,0.04022304204704763
2024-03-20,126.94999694824219,128.5,124.25,125.3499984741211,125.15174865722656,307935,AEROFLEX,Industrials,Metal Fabrication,N/A,EQUITY,0.0016,0.041,3.456,3.39,0.03420523138832998
2024-03-21,127.55000305175781,130.0,126.5,127.0999984741211,126.89898681640625,419892,AEROFLEX,Industrials,Metal Fabrication,N/A,EQUITY,0.0016,0.041,3.456,3.39,0.02766798418972332
2024-03-22,127.19999694824219,130.60000610351562,126.4000015258789,127.75,127.54795837402344,363578,AEROFLEX,Industrials,Metal Fabrication,N/A,EQUITY,0.0016,0.041,3.456,3.39,0.03322788391562494
2024-03-26,127.80000305175781,128.5,121.5,123.19999694824219,123.0051498413086,602426,AEROFLEX,Industrials,Metal Fabrication,N/A,EQUITY,0.0016,0.041,3.456,3.39,0.05761316872427984
2024-03-27,123.19999694824219,125.30000305175781,118.05000305175781,119.19999694824219,119.011474609375,934095,AEROFLEX,Industrials,Metal Fabrication,N/A,EQUITY,0.0016,0.041,3.456,3.39,0.06141465321963026
2024-03-28,119.8499984741211,126.94999694824219,119.8499984741211,121.4000015258789,121.20800018310547,866961,AEROFLEX,Industrials,Metal Fabrication,N/A,EQUITY,0.0016,0.041,3.456,3.39,0.05924070558627648
2024-04-01,123.9000015258789,132.5,123.9000015258789,130.8000030517578,130.5931396484375,817916,AEROFLEX,Industrials,Metal Fabrication,N/A,EQUITY,0.0016,0.041,3.456,3.39,0.06941080200329794
2024-04-02,131.25,140.25,130.5,135.0,134.78648376464844,1531725,AEROFLEX,Industrials,Metal Fabrication,N/A,EQUITY,0.0016,0.041,3.456,3.39,0.07471264367816093
2024-04-03,136.0,142.8000030517578,135.89999389648438,140.0500030517578,139.82850646972656,1054831,AEROFLEX,Industrials,Metal Fabrication,N/A,EQUITY,0.0016,0.041,3.456,3.39,0.0507726965795834
2024-04-04,142.1999969482422,152.0,137.9499969482422,147.89999389648438,147.66607666015625,1783668,AEROFLEX,Industrials,Metal Fabrication,N/A,EQUITY,0.0016,0.041,3.456,3.39,0.10184852020713904
2024-04-05,148.8000030517578,153.60000610351562,144.89999389648438,150.5500030517578,150.31190490722656,1381746,AEROFLEX,Industrials,Metal Fabrication,N/A,EQUITY,0.0016,0.041,3.456,3.39,0.06004149464110042
2024-04-08,152.0500030517578,152.6999969482422,148.25,150.35000610351562,150.11221313476562,666091,AEROFLEX,Industrials,Metal Fabrication,N/A,EQUITY,0.0016,0.041,3.456,3.39,0.030016842821195194
2024-04-09,150.35000610351562,150.5500030517578,146.5500030517578,147.14999389648438,146.91726684570312,469537,AEROFLEX,Industrials,Metal Fabrication,N/A,EQUITY,0.0016,0.041,3.456,3.39,0.027294438189723543
2024-04-10,147.10000610351562,147.10000610351562,143.1999969482422,144.10000610351562,143.87210083007812,368995,AEROFLEX,Industrials,Metal Fabrication,N/A,EQUITY,0.0016,0.041,3.456,3.39,0.027234701385385127
2024-04-12,143.89999389648438,148.60000610351562,142.64999389648438,143.4499969482422,143.22312927246094,590256,AEROFLEX,Industrials,Metal Fabrication,N/A,EQUITY,0.0016,0.041,3.456,3.39,0.0417105675542401
2024-04-15,140.39999389648438,142.0,136.5500030517578,138.1999969482422,137.98143005371094,390569,AEROFLEX,Industrials,Metal Fabrication,N/A,EQUITY,0.0016,0.041,3.456,3.39,0.03991209686151691
2024-04-16,138.0,143.1999969482422,138.0,141.35000610351562,141.12644958496094,451295,AEROFLEX,Industrials,Metal Fabrication,N/A,EQUITY,0.0016,0.041,3.456,3.39,0.037681137306102806
2024-04-18,142.0,148.1999969482422,142.0,145.3000030517578,145.07020568847656,738566,AEROFLEX,Industrials,Metal Fabrication,N/A,EQUITY,0.0016,0.041,3.456,3.39,0.04366195033973371
2024-04-19,143.0,144.39999389648438,138.89999389648438,142.10000610351562,141.87527465820312,606178,AEROFLEX,Industrials,Metal Fabrication,N/A,EQUITY,0.0016,0.041,3.456,3.39,0.039596833993375775
2024-04-22,145.9499969482422,145.9499969482422,143.0,143.60000610351562,143.37289428710938,264717,AEROFLEX,Industrials,Metal Fabrication,N/A,EQUITY,0.0016,0.041,3.456,3.39,0.020629349288406904
2024-04-23,144.5,147.4499969482422,143.60000610351562,146.10000610351562,145.8689422607422,487171,AEROFLEX,Industrials,Metal Fabrication,N/A,EQUITY,0.0016,0.041,3.456,3.39,0.026810520063287845
2024-04-24,146.0500030517578,150.5,146.0500030517578,148.4499969482422,148.2152099609375,584043,AEROFLEX,Industrials,Metal Fabrication,N/A,EQUITY,0.0016,0.041,3.456,3.39,0.03046899592782055
2024-04-25,148.9499969482422,149.89999389648438,146.5,148.8000030517578,148.56466674804688,471755,AEROFLEX,Industrials,Metal Fabrication,N/A,EQUITY,0.0016,0.041,3.456,3.39,0.02320814946405717
2024-04-26,150.0,152.39999389648438,146.85000610351562,149.0,148.76434326171875,585358,AEROFLEX,Industrials,Metal Fabrication,N/A,EQUITY,0.0016,0.041,3.456,3.39,0.037793582310487094
2024-04-29,150.8000030517578,150.8000030517578,146.9499969482422,149.0,148.76434326171875,504862,AEROFLEX,Industrials,Metal Fabrication,N/A,EQUITY,0.0016,0.041,3.456,3.39,0.02619942962551847
2024-04-30,149.5500030517578,152.25,148.5,149.60000610351562,149.3634033203125,468926,AEROFLEX,Industrials,Metal Fabrication,N/A,EQUITY,0.0016,0.041,3.456,3.39,0.025252525252525252
2024-05-02,150.0,159.35000610351562,148.1999969482422,155.6999969482422,155.45375061035156,2471614,AEROFLEX,Industrials,Metal Fabrication,N/A,EQUITY,0.0016,0.041,3.456,3.39,0.07523623066718078
2024-05-03,157.0,158.0,152.5500030517578,153.64999389648438,153.406982421875,679858,AEROFLEX,Industrials,Metal Fabrication,N/A,EQUITY,0.0016,0.041,3.456,3.39,0.035725970758539345
2024-05-06,154.89999389648438,154.89999389648438,146.89999389648438,148.35000610351562,148.11538696289062,575994,AEROFLEX,Industrials,Metal Fabrication,N/A,EQUITY,0.0016,0.041,3.456,3.39,0.054458817783459804
2024-05-07,143.0,146.4499969482422,140.1999969482422,143.14999389648438,142.92359924316406,867847,AEROFLEX,Industrials,Metal Fabrication,N/A,EQUITY,0.0016,0.041,3.456,3.39,0.04457917358091898
2024-05-08,141.8000030517578,144.39999389648438,140.8000030517578,141.14999389648438,140.9267578125,364212,AEROFLEX,Industrials,Metal Fabrication,N/A,EQUITY,0.0016,0.041,3.456,3.39,0.025568116240758977
2024-05-09,141.60000610351562,146.4499969482422,141.10000610351562,142.85000610351562,142.62408447265625,554347,AEROFLEX,Industrials,Metal Fabrication,N/A,EQUITY,0.0016,0.041,3.456,3.39,0.037916304842691734
2024-05-10,143.10000610351562,145.25,140.39999389648438,142.9499969482422,142.72390747070312,391655,AEROFLEX,Industrials,Metal Fabrication,N/A,EQUITY,0.0016,0.041,3.456,3.39,0.034544204518210234
2024-05-13,142.0500030517578,143.10000610351562,138.89999389648438,139.85000610351562,139.6288299560547,343844,AEROFLEX,Industrials,Metal Fabrication,N/A,EQUITY,0.0016,0.041,3.456,3.39,0.030237670205812403
2024-05-14,139.8000030517578,142.3000030517578,138.14999389648438,139.25,139.02976989746094,447145,AEROFLEX,Industrials,Metal Fabrication,N/A,EQUITY,0.0016,0.041,3.456,3.39,0.03003987939646986
2024-05-15,140.9499969482422,141.39999389648438,138.64999389648438,139.1999969482422,138.97984313964844,301968,AEROFLEX,Industrials,Metal Fabrication,N/A,EQUITY,0.0016,0.041,3.456,3.39,0.01983411555036303
2024-05-16,140.85000610351562,141.39999389648438,138.64999389648438,139.5,139.2793731689453,248669,AEROFLEX,Industrials,Metal Fabrication,N/A,EQUITY,0.0016,0.041,3.456,3.39,0.01983411555036303
2024-05-17,140.5,146.4499969482422,139.9499969482422,140.39999389648438,140.17794799804688,778218,AEROFLEX,Industrials,Metal Fabrication,N/A,EQUITY,0.0016,0.041,3.456,3.39,0.04644515999813776
2024-05-21,142.0,144.85000610351562,139.8000030517578,140.0,139.77857971191406,515933,AEROFLEX,Industrials,Metal Fabrication,N/A,EQUITY,0.0016,0.041,3.456,3.39,0.03612305394505723
2024-05-22,140.10000610351562,141.9499969482422,139.5500030517578,141.0,140.77700805664062,256529,AEROFLEX,Industrials,Metal Fabrication,N/A,EQUITY,0.0016,0.041,3.456,3.39,0.017198092755284566
2024-05-23,142.4499969482422,142.4499969482422,138.35000610351562,139.14999389648438,138.92991638183594,344559,AEROFLEX,Industrials,Metal Fabrication,N/A,EQUITY,0.0016,0.041,3.456,3.39,0.029634916254784156
2024-05-24,139.89999389648438,140.39999389648438,138.5,138.64999389648438,138.4307098388672,274272,AEROFLEX,Industrials,Metal Fabrication,N/A,EQUITY,0.0016,0.041,3.456,3.39,0.013718367483641697
2024-05-27,140.0,140.1999969482422,137.35000610351562,138.10000610351562,137.881591796875,338003,AEROFLEX,Industrials,Metal Fabrication,N/A,EQUITY,0.0016,0.041,3.456,3.39,0.02074984141302935
2024-05-28,138.4499969482422,139.0,135.6999969482422,136.6999969482422,136.48379516601562,260029,AEROFLEX,Industrials,Metal Fabrication,N/A,EQUITY,0.0016,0.041,3.456,3.39,0.024318372335826052
2024-05-29,135.60000610351562,136.5500030517578,135.0,135.39999389648438,135.18585205078125,238961,AEROFLEX,Industrials,Metal Fabrication,N/A,EQUITY,0.0016,0.041,3.456,3.39,0.011481504087094908
2024-05-30,135.0,135.6999969482422,133.0,133.60000610351562,133.3887176513672,217901,AEROFLEX,Industrials,Metal Fabrication,N/A,EQUITY,0.0016,0.041,3.456,3.39,0.020300728934151784
2024-05-31,134.39999389648438,136.6999969482422,132.3000030517578,134.75,134.53688049316406,264067,AEROFLEX,Industrials,Metal Fabrication,N/A,EQUITY,0.0016,0.041,3.456,3.39,0.033257700642403076
2024-06-03,139.0,139.89999389648438,134.89999389648438,135.89999389648438,135.68505859375,318916,AEROFLEX,Industrials,Metal Fabrication,N/A,EQUITY,0.0016,0.041,3.456,3.39,0.03706449389343008
2024-06-04,135.10000610351562,136.0,122.5,128.60000610351562,128.39662170410156,458109,AEROFLEX,Industrials,Metal Fabrication,N/A,EQUITY,0.0016,0.041,3.456,3.39,0.11020408163265306
2024-06-05,128.6999969482422,134.5,125.5,131.60000610351562,131.39187622070312,385275,AEROFLEX,Industrials,Metal Fabrication,N/A,EQUITY,0.0016,0.041,3.456,3.39,0.07171314741035857
2024-06-06,132.89999389648438,135.4499969482422,132.4499969482422,133.85000610351562,133.63832092285156,250732,AEROFLEX,Industrials,Metal Fabrication,N/A,EQUITY,0.0016,0.041,3.456,3.39,0.02265005714701766
2024-06-07,134.6999969482422,144.25,134.0500030517578,141.75,141.52581787109375,1353032,AEROFLEX,Industrials,Metal Fabrication,N/A,EQUITY,0.0016,0.041,3.456,3.39,0.07609098631876857
2024-06-10,141.6999969482422,144.85000610351562,140.75,141.63999938964844,141.41598510742188,373738,AEROFLEX,Industrials,Metal Fabrication,N/A,EQUITY,0.0016,0.041,3.456,3.39,0.02912970588643428
2024-06-11,143.88999938964844,144.5,141.07000732421875,143.0399932861328,142.8137664794922,343563,AEROFLEX,Industrials,Metal Fabrication,N/A,EQUITY,0.0016,0.041,3.456,3.39,0.024314117088674685
2024-06-12,145.0,145.0,141.89999389648438,143.4499969482422,143.22312927246094,263540,AEROFLEX,Industrials,Metal Fabrication,N/A,EQUITY,0.0016,0.041,3.456,3.39,0.021846414636050443
2024-06-13,145.99000549316406,151.0,143.27999877929688,148.74000549316406,148.5047607421875,1753058,AEROFLEX,Industrials,Metal Fabrication,N/A,EQUITY,0.0016,0.041,3.456,3.39,0.05388052265825829
2024-06-14,149.10000610351562,155.2899932861328,147.0,152.6999969482422,152.45849609375,1599200,AEROFLEX,Industrials,Metal Fabrication,N/A,EQUITY,0.0016,0.041,3.456,3.39,0.05639451215056335
2024-06-18,153.0,155.5,150.10000610351562,150.9600067138672,150.72125244140625,964307,AEROFLEX,Industrials,Metal Fabrication,N/A,EQUITY,0.0016,0.041,3.456,3.39,0.035975973863454073
2024-06-19,151.0500030517578,153.0500030517578,147.41000366210938,150.4499969482422,150.21205139160156,595385,AEROFLEX,Industrials,Metal Fabrication,N/A,EQUITY,0.0016,0.041,3.456,3.39,0.038260628515934
2024-06-20,151.8000030517578,154.9499969482422,149.58999633789062,152.4499969482422,152.20889282226562,637971,AEROFLEX,Industrials,Metal Fabrication,N/A,EQUITY,0.0016,0.041,3.456,3.39,0.03583127710120742
2024-06-21,153.75,153.85000610351562,149.7100067138672,150.22999572753906,149.99240112304688,315666,AEROFLEX,Industrials,Metal Fabrication,N/A,EQUITY,0.0016,0.041,3.456,3.39,0.02765345804546652
2024-06-24,153.0,163.7100067138672,149.0,161.19000244140625,160.93507385253906,3928317,AEROFLEX,Industrials,Metal Fabrication,N/A,EQUITY,0.0016,0.041,3.456,3.39,0.09872487727427642
2024-06-25,164.8000030517578,169.0,160.5,161.5800018310547,161.32444763183594,2536508,AEROFLEX,Industrials,Metal Fabrication,N/A,EQUITY,0.0016,0.041,3.456,3.39,0.0529595015576324
2024-06-26,161.5800018310547,167.52000427246094,158.9600067138672,162.9600067138672,162.7022705078125,1478109,AEROFLEX,Industrials,Metal Fabrication,N/A,EQUITY,0.0016,0.041,3.456,3.39,0.053850007530523096
2024-06-27,162.9600067138672,163.99000549316406,155.5500030517578,158.07000732421875,157.82000732421875,998930,AEROFLEX,Industrials,Metal Fabrication,N/A,EQUITY,0.0016,0.041,3.456,3.39,0.05425909531225093
2024-06-28,159.39999389648438,163.3000030517578,158.39999389648438,159.9499969482422,159.9499969482422,692140,AEROFLEX,Industrials,Metal Fabrication,N/A,EQUITY,0.0016,0.041,3.456,3.39,0.030934402424760393
2024-07-01,160.14999389648438,163.75,158.0,160.02000427246094,160.02000427246094,648969,AEROFLEX,Industrials,Metal Fabrication,N/A,EQUITY,0.0016,0.041,3.456,3.39,0.03639240506329114
2024-07-02,160.02000427246094,161.99000549316406,157.1999969482422,157.67999267578125,157.67999267578125,445105,AEROFLEX,Industrials,Metal Fabrication,N/A,EQUITY,0.0016,0.041,3.456,3.39,0.030470792862031523
2024-07-03,158.49000549316406,163.0,157.72999572753906,159.1300048828125,159.1300048828125,614602,AEROFLEX,Industrials,Metal Fabrication,N/A,EQUITY,0.0016,0.041,3.456,3.39,0.03341155401769161
